"First Name","Last Name","Date of Birth","Gender","UUID"
"John","Smith","04-04-1990","Male","ce39358c-9312-457d-b57c-2b7f823042d9"
"Jane","Doe","10-15-1985","Female","3e4122a0-0d34-4f0b-b05a-913408e4b2f1"
"Mike","Johnson","08-22-1995","Male","b1c8cf0e-6eae-4c86-92a1-7c6f50b80d64"
"Emily","Brown","03-12-1988","Female","a2d6f984-90a1-4b21-ba97-4e8a8bb2b81f"
"Chris","Anderson","06-30-1992","Male","8f1f15a5-1274-48d6-9c38-c5d67d9356ce"
"Pedro","Casas","03-04-1990","Male","ef21bca6-654b-440d-9a3f-5455d6398510"
"Juanjo","Casas","03-04-1990","Male","35ceb963-9d20-4bc8-872d-d2afc3fd4f91"
"Camino","Casas","03-04-1990","Male","131fda6c-1d3d-4fcb-a4df-e9cf11513f07"
"John","Doe","2000-01-01","Male","6a927a50-3c8e-44a8-addb-417c0bc9242b"
"John","Doe","2000-01-01","Male","e2840eb2-95e1-4e27-b7a0-49fd65bd2ae8"
"John","Doe","2000-01-01","Male","32837ba8-cde6-42bb-9cba-d10ff50dbd63"
"John","Doe","2000-01-01","Male","49d2a366-8708-419c-859a-c697d76f1313"
"John","Doe","2000-01-01","Male","20ba9442-22b8-4e4b-91f3-707c23bd2353"
"John","Doe","2000-01-01","Male","609d95f2-a84e-463d-9508-d9d4e565507a"
"John","Doe","2000-01-01","Male","07300fb8-b275-4a8c-828b-7f81beca495e"
"John","Doe","1990-01-01","Male","3ac9f083-ec37-4398-9a5d-18b922f0d04e"
"Alice","Johnson","1995-05-15","Female","6e33a1c4-61ce-4f69-9b16-f4cc38c27658"
"Bob","Smith","1993-08-20","Male","f856bfb0-aa86-4cfd-a424-6c83fb7d610c"
"John","Doe","1990-01-01","Male","33e870ad-3c23-4055-a659-a3db1ed61162"
"John","Doe","1990-01-01","Male","026a46d4-527c-4394-8fe4-2fcccb8454d3"
"Alice","Johnson","1995-05-15","Female","38ced807-14b8-4dbc-a301-de9fd75b2fe2"
"Bob","Smith","1993-08-20","Male","b7557124-b2ff-42db-8a8b-0e38b93d6546"
"casita","pedro","18-02-2019","F","57b39b37-a94e-441c-87a9-75202e8aa82f"
"Juan","Perez","04-04-1999","Hombre","e5192cb6-de88-4280-84cf-60e5d83b8c5f"
"Juan","Perez","04-04-1999","Hombre","56770aab-5c70-40fb-9ba4-f4eabcd3ab60"
"Juan","Smith","04-04-1990","Male","388a3211-93ba-482f-b05b-e171412b865d"
"Juan","Smito","04-04-1994","Male","8a9b8931-27fb-45cd-b78a-5e8d1fa65290"
"Juan","Hombre","04-04-1994","Female","5c17a2cf-24e1-4257-a0b7-d5778698be43"
